year,month,interest_rate,unemployment_rate,index_price
1924,1,3.5,5.19,534.7148965036332
1925,1,2.86,4.36,424.91141239954067
1926,1,3.65,5.18,582.2539103506841
1927,1,4.52,5.81,784.7973182737161
1928,1,2.77,5.07,321.1698655495096
1929,1,2.77,5.06,322.2527135184694
1930,1,4.58,3.95,1001.8120450331414
1931,1,3.77,4.01,744.3033564670386
1932,1,2.53,2.9,478.33130885864733
1933,1,3.54,7.62,287.9298330039903
1934,1,2.54,3.13,456.80445542578826
1935,1,2.53,3.96,365.2717544422564
1936,1,3.24,3.92,589.6036953713524
1937,1,1.09,6.34,-335.0820462160223
1938,1,1.28,4.56,-86.29968154221001
1939,1,2.44,6.87,26.899703980852905
1940,1,1.99,3.99,194.6065950390945
1941,1,3.31,5.42,451.3525317037147
1942,1,2.09,3.75,251.27322977738544
1943,1,1.59,8.22,-380.57452829108695
1944,1,4.47,3.22,1045.5324718795107
1945,1,2.77,5.46,279.6440298928643
1946,1,3.07,5.95,320.33751323755826
1947,1,1.58,5.62,-106.38547283664957
1948,1,2.46,4.72,262.4090493435253
1949,1,3.11,4.81,454.407432894433
1950,1,1.85,5.07,36.05194950598593
1951,1,3.38,4.78,541.2270001997415
1952,1,2.4,6.45,59.35482193286282
1953,1,2.71,8.32,-44.022167513846284
1954,1,2.4,4.16,303.5578517277844
1955,1,4.85,2.95,1192.2208116408801
1956,1,2.99,4.87,410.74784823613334
1957,1,1.94,8.87,-341.37420266610206
1958,1,3.82,3.79,783.2621948007293
1959,1,1.78,7.46,-240.59960455415091
1960,1,3.21,7.52,196.3116278092831
1961,1,1.04,4.17,-119.06081882171782
1962,1,1.67,5.85,-102.97169128083704
1963,1,3.2,7.44,201.6846461274058
1964,1,3.74,4.43,690.1759432098289
1965,1,3.17,4.69,485.7494864129233
1966,1,2.88,4.13,455.6603263156041
1967,1,2.7,3.48,469.1365303510358
1968,1,1.52,4.03,44.707555546985816
1969,1,2.28,3.16,373.0409605836754
1970,1,2.54,5.05,252.0527776078098
1971,1,4.06,3.85,851.2709545727753
1972,1,3.34,5.35,468.0983237777772
1973,1,1.24,2.67,102.92855490840893
1974,1,3.32,5.5,445.9320373718034
1975,1,2.61,6.25,145.81388757974764
1976,1,2.32,2.01,508.16813642265504
1977,1,3.61,5.56,529.3761971899329
1978,1,4.03,6.84,523.0333053002265
1979,1,3.93,3.19,881.409211378074
1980,1,2.16,7.51,-128.11789910060338
1981,1,2.69,5.63,236.7176861478274
1982,1,3.33,3.94,615.3627528716197
1983,1,3.98,4.92,712.3131420478006
1984,1,2.52,5.84,161.62498849632982
1985,1,2.81,5.11,329.38335631923763
1986,1,1.89,5.81,-30.450909664524033
1987,1,1.8,3.62,175.24466968998695
1988,1,3.81,5.25,624.4316499835812
1989,1,4.36,2.88,1047.699545254758
1990,1,2.93,4.83,396.3921593976837
1991,1,4.0,3.64,855.0744053935682
1992,1,3.36,3.9,628.971659676374
1993,1,2.35,6.85,1.1878707018443038
1994,1,3.36,6.64,336.7008548491415
1995,1,4.54,5.91,780.2889844555879
1996,1,2.96,3.36,562.5648672556263
1997,1,4.56,4.53,933.8105210550879
1998,1,0.5,6.82,-570.3284280406893
1999,1,3.82,5.21,631.8018559073532
2000,1,3.09,8.48,56.67717528256469
2001,1,2.7,5.59,244.07674810139758
2002,1,3.09,5.29,396.99711660045466
2003,1,1.01,4.54,-167.7845245039839
2004,1,2.78,5.2,310.4678720738019
2005,1,3.36,4.77,536.095824078923
2006,1,4.48,6.06,745.6978536805294
2007,1,2.48,6.44,85.2502746493177
2008,1,2.19,3.82,274.7749585761476
2009,1,2.5,3.0,458.29475909973235
2010,1,3.92,2.25,978.5160749080537
2011,1,3.33,5.76,421.20759782747143
2012,1,2.47,3.34,412.7360640240685
2013,1,3.51,2.0,879.6615802606584
2014,1,3.1,5.58,369.08498944817086
2015,1,3.97,8.74,301.7564547310009
2016,1,2.3,4.99,184.04017817662543
2017,1,2.67,6.26,163.3384707895059
2018,1,2.61,5.12,266.2606248832028
2019,1,1.54,4.85,-36.6462529494097
2020,1,3.3,6.38,345.77043794076803
2021,1,3.26,4.56,527.5132981636852
2022,1,3.01,5.4,360.37721142570547
2023,1,2.77,5.48,277.4371506042884
1924,2,1.58,4.0,66.52719711592636
1925,2,2.58,6.49,110.87312327698123
1926,2,2.66,4.74,322.3224524016864
1927,2,2.2,3.87,272.53467890271224
1928,2,2.84,5.8,265.02204444763595
1929,2,3.4,3.65,668.0251883860558
1930,2,4.89,5.04,981.5800474384139
1931,2,3.17,4.99,453.83696809476044
1932,2,3.26,6.63,306.71654824891175
1933,2,2.93,5.71,302.5085585135388
1934,2,1.08,4.96,-190.93744256553896
1935,2,2.97,6.23,259.55719825350513
1936,2,3.06,7.09,195.70022660923712
1937,2,5.46,5.84,1073.0543180613345
1938,2,2.81,5.02,338.97286415375504
1939,2,3.3,3.03,703.1338357468378
1940,2,2.97,3.4,561.3040189337014
1941,2,1.83,4.54,86.36546666735137
1942,2,4.14,4.09,850.523350166743
1943,2,3.75,4.72,662.3890433567221
1944,2,3.79,5.08,636.3438202214595
1945,2,2.09,5.79,33.60919790848527
1946,2,4.4,4.89,845.7329308899521
1947,2,1.6,5.73,-111.88352706618485
1948,2,3.59,5.1,572.2238267899015
1949,2,5.19,2.04,1394.6592219216386
1950,2,2.01,3.59,243.48799068688055
1951,2,2.43,4.78,246.7778982611884
1952,2,3.1,3.19,624.0934610792874
1953,2,2.5,5.9,148.965956158876
1954,2,1.45,7.3,-325.8141426340983
1955,2,3.07,6.83,226.49801123108705
1956,2,1.94,4.68,105.51139157204108
1957,2,3.47,7.24,306.8286629378522
1958,2,2.08,5.22,91.31908308564084
1959,2,4.55,4.49,934.8702037613557
1960,2,2.22,4.08,256.30149371204715
1961,2,2.68,4.55,348.8040817028245
1962,2,3.81,4.42,713.016940359109
1963,2,1.77,5.26,-9.01280538809442
1964,2,3.23,5.24,445.66885953554265
1965,2,4.31,5.0,806.0409673412898
1966,2,1.39,5.66,-169.44421404307582
1967,2,3.18,6.79,264.93987583745957
1968,2,3.26,6.42,329.1032865880709
1969,2,3.78,2.77,879.6672084022721
1970,2,1.76,2.0,341.16970424023873
1971,2,1.68,6.4,-158.54776524323552
1972,2,3.52,2.95,779.8882026403232
1973,2,3.3,4.66,529.2175007512587
1974,2,3.25,3.24,665.2060587640524
1975,2,3.35,2.3,796.48428647077
1976,2,2.32,5.81,102.78512550216726
1977,2,3.23,6.14,349.73098536858356
1978,2,3.29,4.14,581.6958287402541
1979,2,2.29,2.0,505.76690874118543
1980,2,4.87,4.18,1067.1201895939726
1981,2,3.47,5.59,482.8202891550924
1982,2,1.81,2.78,267.8760807157148
1983,2,3.66,5.28,574.7319368885469
1984,2,2.03,4.98,101.40628178945656
1985,2,3.79,5.87,552.0779310414138
1986,2,4.16,5.18,740.3901521059324
1987,2,2.18,3.54,301.52386622529843
1988,2,3.96,6.79,506.66804627579836
1989,2,3.41,4.76,552.7131049996347
1990,2,3.82,4.96,658.4936469950443
1991,2,4.9,3.6,1138.3006094172713
1992,2,2.75,4.34,392.9789413518864
1993,2,2.25,3.67,309.3106654966941
1994,2,2.11,4.74,151.834316302979
1995,2,2.18,7.57,-128.27518765107777
1996,2,2.92,2.94,594.9479943351726
1997,2,3.34,2.58,763.5471337269339
1998,2,3.28,7.21,251.05520471836394
1999,2,3.83,4.69,690.365069261879
2000,2,3.01,4.0,509.8207463053782
2001,2,4.45,6.56,683.1362938976124
2002,2,2.74,4.09,416.4095870649891
2003,2,5.72,7.74,950.9415945304268
2004,2,3.63,6.02,486.47741476425745
2005,2,2.14,4.27,211.3075385172943
2006,2,1.93,8.24,-277.2820071132661
2007,2,3.48,4.09,645.8818733824652
2008,2,2.78,6.11,213.3444184266483
2009,2,3.71,5.45,572.1470791368561
2010,2,3.47,6.95,337.71496335174743
2011,2,2.93,7.34,128.6565989061628
2012,2,2.15,5.05,131.21202132865824
2013,2,1.49,3.87,52.3857064566032
2014,2,2.55,5.69,186.9351290499386
2015,2,3.86,3.98,775.3411416407557
2016,2,3.21,8.02,143.00706496603584
2017,2,1.75,5.2,-8.822741097947187
2018,2,3.17,4.45,511.3850247716329
2019,2,3.39,5.28,491.00637073863925
2020,2,2.12,2.98,342.63268853328566
2021,2,3.15,3.54,602.2533914445618
2022,2,3.06,6.8,226.5779481050157
2023,2,1.86,4.01,152.13923981140778
1924,3,3.36,3.43,679.0469834303024
1925,3,3.56,5.8,488.2413177384094
1926,3,4.08,6.78,544.9734708851229
1927,3,4.05,6.08,610.3484874136983
1928,3,1.62,6.49,-186.73717053762903
1929,3,2.06,3.86,230.1897004865433
1930,3,3.52,2.87,788.3684593395051
1931,3,3.51,7.25,318.12452298956725
1932,3,3.52,4.52,612.3772752514819
1933,3,6.85,4.62,1634.0356450710979
1934,3,3.57,6.99,364.4269636884412
1935,3,4.14,5.83,664.7933563077995
1936,3,3.95,5.68,621.9811399141158
1937,3,3.65,8.25,254.86388906404704
1938,3,2.68,4.03,404.282489857398
1939,3,3.76,6.39,487.31129092412027
1940,3,2.23,5.09,151.7016166056535
1941,3,2.76,5.4,282.9458911439673
1942,3,2.51,7.29,3.8616802575835436
1943,3,3.08,5.76,343.74038383096695
1944,3,5.31,5.81,1029.7636248762385
1945,3,1.13,6.61,-351.3977252990155
1946,3,3.69,4.45,672.5121291991741
1947,3,1.39,3.74,35.2649379614935
1948,3,2.53,3.43,421.72877328231596
1949,3,4.09,2.05,1052.5530718634336
1950,3,3.06,8.08,90.08072889155142
1951,3,1.92,3.35,241.25463587792376
1952,3,2.28,4.67,212.05949914325794
1953,3,3.68,4.58,655.564110488236
1954,3,2.27,5.46,124.62226670473763
1955,3,3.22,6.22,338.0072137704269
1956,3,3.05,6.29,277.8509835154407
1957,3,2.35,4.13,291.31477090963125
1958,3,5.14,4.75,1090.1106580311175
1959,3,3.63,5.42,550.5133907182972
1960,3,0.97,4.63,-189.7645146047406
1961,3,3.19,7.41,201.79108738749426
1962,3,2.34,5.74,116.47238583593366
1963,3,3.85,6.1,546.1755554874641
1964,3,2.21,5.99,49.445979928998895
1965,3,2.89,6.76,178.1178970104777
1966,3,3.5,5.27,526.2396572027675
1967,3,3.87,3.05,877.6258714212597
1968,3,1.8,5.6,-35.999843588084104
1969,3,2.67,4.02,402.1685565795089
1970,3,2.53,4.21,338.5367137058879
1971,3,2.35,5.88,104.603067486712
1972,3,4.77,6.86,750.2717116884743
1973,3,3.4,5.03,520.8371013422491
1974,3,1.74,5.46,-39.69716966934004
1975,3,3.92,7.55,413.1564700241954
1976,3,5.12,5.36,1018.8140301752405
1977,3,4.03,8.9,303.30782146370757
1978,3,1.48,5.85,-161.84879611585552
1979,3,2.52,2.36,532.7652868628957
1980,3,4.27,6.13,673.1356952808208
1981,3,2.29,5.57,119.11172149498441
1982,3,3.44,6.93,330.54066674063483
1983,3,3.77,6.01,531.0145270215937
1984,3,2.07,4.79,134.11525512405694
1985,3,2.94,3.16,577.6477288022757
1986,3,0.5,4.69,-349.3224408278305
1987,3,1.98,3.72,220.26132812875005
1988,3,2.75,4.13,415.2795529841156
1989,3,1.75,5.88,-81.36361586385453
1990,3,4.63,7.5,638.6250679958024
1991,3,1.57,5.59,-106.24812907783615
1992,3,2.56,3.21,454.558385753382
1993,3,3.13,5.67,368.8613790906595
1994,3,4.44,6.79,655.4464180242048
1995,3,1.56,4.09,50.739207531399416
1996,3,4.16,4.8,780.9718091882789
1997,3,3.01,5.02,400.95544866290385
1998,3,2.02,3.82,222.03389662034283
1999,3,3.46,5.97,439.13823040419413
2000,3,3.2,4.82,481.2000784418125
2001,3,2.4,5.63,146.8025067893417
2002,3,3.07,3.67,563.5729426279213
2003,3,2.61,4.34,349.5214470346165
2004,3,3.11,6.08,318.9113598742348
2005,3,3.66,4.44,664.3496382661281
2006,3,4.59,7.59,616.5905296491194
2007,3,1.76,4.4,79.61820686787746
2008,3,5.13,5.34,1024.083486489044
2009,3,1.05,6.4,-353.8467863139559
2010,3,2.85,2.87,580.6658063789745
2011,3,3.59,2.36,864.4912601846534
2012,3,3.28,2.71,731.0664818230512
2013,3,2.38,6.89,6.1471637675222155
2014,3,2.79,4.17,423.43735895535167
2015,3,2.51,8.84,-161.51200220327098
2016,3,2.41,4.15,307.74882841713173
2017,3,3.85,5.28,633.65050793824
2018,3,3.36,7.31,265.1490553339718
2019,3,2.31,8.01,-134.9900248341978
2020,3,3.9,8.09,349.3809629879685
2021,3,3.31,6.81,302.9893329028347
2022,3,3.81,6.54,486.887995930275
2023,3,3.63,5.89,500.3710189272243
1924,4,2.17,6.17,17.92643912911285
1925,4,2.44,4.17,314.91004676131564
1926,4,3.75,3.77,763.6549248854558
1927,4,3.61,4.99,590.1374472284442
1928,4,2.98,4.74,421.4928302856078
1929,4,3.12,4.32,509.7055543263606
1930,4,4.28,6.04,685.812774483317
1931,4,2.41,6.43,64.53123402593667
1932,4,3.55,5.13,556.5869049487818
1933,4,2.8,7.22,101.20277266510845
1934,4,2.78,3.29,514.2400791090627
1935,4,4.1,4.71,771.9243631126691
1936,4,3.83,3.92,772.4223866959084
1937,4,3.81,2.2,949.8004625307369
1938,4,4.31,4.88,818.8815949299701
1939,4,3.02,4.82,425.42751350016044
1940,4,3.68,7.27,368.6850322805283
1941,4,2.69,5.95,202.58921558851762
1942,4,3.32,3.46,663.4835317681765
1943,4,2.87,7.78,63.157643792981276
1944,4,3.1,6.83,235.75962269467368
1945,4,3.6,5.87,493.1305932196831
1946,4,2.18,4.66,182.08263415616358
1947,4,5.09,3.56,1201.5182651240893
1948,4,1.99,4.44,146.66189394571347
1949,4,1.79,6.63,-149.02937232491922
1950,4,4.16,7.83,457.7352456756546
1951,4,3.79,7.31,398.48419165690746
1952,4,3.62,4.27,670.1296923883843
1953,4,3.63,3.32,774.4796294255328
1954,4,2.99,5.21,374.46866980241896
1955,4,2.1,2.35,403.71184994077026
1956,4,3.08,5.48,373.5263684400894
1957,4,2.32,4.78,212.70440874786556
1958,4,3.98,4.3,778.4115623528598
1959,4,2.85,2.61,608.4764568576466
1960,4,2.17,5.77,60.609026966377655
1961,4,2.68,4.2,386.11314998008925
1962,4,3.41,3.25,713.8284828998592
1963,4,2.44,2.0,555.0853766047767
1964,4,2.18,4.96,150.05294509484202
1965,4,3.24,7.66,190.71435614822178
1966,4,3.24,7.49,208.83707356560865
1967,4,2.49,4.31,315.50153081215154
1968,4,2.53,4.1,350.3117375474345
1969,4,3.23,5.7,396.6327568128261
1970,4,1.55,3.5,110.50301097690965
1971,4,1.59,5.45,-85.09255674196021
1972,4,2.28,6.15,54.15475500362868
1973,4,2.79,6.84,138.59619624403842
1974,4,3.31,4.85,512.1106164207797
1975,4,4.48,4.69,891.7902996712654
1976,4,3.86,3.68,807.3564220995858
1977,4,2.84,3.76,482.66941824076434
1978,4,2.98,4.66,430.07462683998835
1979,4,2.0,5.55,31.301051285460176
1980,4,2.98,6.37,247.67902237774365
1981,4,2.71,3.8,438.145203117602
1982,4,3.32,7.24,260.3002999137857
1983,4,2.17,4.59,186.4389265749025
1984,4,3.52,4.97,564.4071380858961
1985,4,4.53,3.88,993.799505921504
1986,4,2.89,2.0,690.1548011181608
1987,4,3.4,6.33,382.1766632573789
1988,4,3.69,6.11,495.5330009461867
1989,4,2.6,4.58,320.8010708523238
1990,4,3.22,5.1,457.57101764585565
1991,4,3.01,5.77,320.96653183077683
1992,4,3.1,2.66,680.6022195543537
1993,4,2.23,4.21,245.56042893490826
1994,4,3.02,6.19,279.3024549463712
1995,4,3.5,3.12,755.5228771441471
1996,4,4.45,5.44,802.5758567562842
1997,4,3.96,2.97,914.158526307086
1998,4,5.15,5.7,991.8675247507803
1999,4,2.23,4.95,166.68293919409433
2000,4,3.87,2.58,927.8745245262619
2001,4,3.18,6.75,269.18602651281174
2002,4,5.19,3.9,1196.2439451001574
2003,4,2.19,3.78,279.0195415165923
2004,4,2.16,5.3,107.59708960588273
2005,4,2.4,6.72,30.519700051272594
2006,4,0.88,3.48,-95.08073905331412
2007,4,2.47,5.09,226.12565128471272
2008,4,2.24,5.64,96.12050838115738
2009,4,3.15,6.04,335.5728817921306
2010,4,3.34,5.26,477.6531442049994
2011,4,4.88,4.45,1041.4319867829922
2012,4,3.95,3.76,826.7801405883476
2013,4,2.42,5.13,206.3695246129122
2014,4,2.1,3.39,292.7372434063725
2015,4,3.49,2.0,881.1326965500112
2016,4,1.68,5.65,-78.56793011178314
2017,4,4.83,6.36,822.2752392476816
2018,4,4.18,2.0,1089.4237255626313
2019,4,2.53,3.49,415.4055505260522
2020,4,1.29,5.93,-229.32288790096078
2021,4,4.35,8.09,488.96376904453723
2022,4,2.89,5.03,362.64666447071977
2023,4,4.24,3.91,900.658192532026
1924,5,1.41,4.73,-64.11531217689532
1925,5,2.4,7.06,-5.742514421019564
1926,5,3.01,4.03,506.5120787884271
1927,5,3.05,3.8,543.4617260041499
1928,5,2.55,4.28,337.32678050702793
1929,5,3.62,3.57,744.7617854060621
1930,5,1.93,5.18,49.09709254622612
1931,5,2.86,7.44,96.32942056509137
1932,5,3.12,5.48,385.9721635859587
1933,5,3.51,4.62,598.6679233618504
1934,5,3.71,4.56,667.0342614700444
1935,5,1.88,2.66,302.3854871685879
1936,5,1.47,6.32,-215.1722394788278
1937,5,4.28,4.88,809.5551401891132
1938,5,3.33,4.73,531.1279392557021
1939,5,2.25,9.79,-343.41594104401395
1940,5,4.55,5.45,832.5239906715683
1941,5,3.12,3.87,557.6746568438805
1942,5,4.18,4.36,834.0565478026937
1943,5,3.07,6.72,238.1907277221335
1944,5,5.06,5.17,1020.4747751434419
1945,5,4.76,2.84,1175.9361882076057
1946,5,2.75,6.38,175.31806916945732
1947,5,3.97,4.0,807.3971503649335
1948,5,3.65,7.81,301.72078173367606
1949,5,4.37,6.62,651.885834918177
1950,5,2.04,4.33,173.82398435078642
1951,5,3.69,6.92,409.0503509826332
1952,5,4.06,5.1,717.9056897632217
1953,5,1.24,6.28,-282.1151316154533
1954,5,1.82,5.73,-43.679913299602504
1955,5,0.96,3.73,-96.92875522769225
1956,5,2.73,4.03,419.74142997872906
1957,5,3.72,6.54,458.87581438214795
1958,5,4.5,4.5,918.3713238420256
1959,5,3.07,4.39,486.77743243661774
1960,5,4.63,3.57,1057.8373812492066
1961,5,1.62,5.64,-96.03700523808351
1962,5,1.3,8.09,-456.6590735859829
1963,5,2.94,3.4,552.1198521535765
1964,5,3.38,5.04,513.5984599226655
1965,5,2.97,7.12,164.55084696490485
1966,5,0.93,4.88,-228.87800708794163
1967,5,2.91,5.68,299.5850816423748
1968,5,1.7,3.41,166.57924027642025
1969,5,3.67,5.64,539.4136545162239
1970,5,3.37,4.72,544.537425111014
1971,5,2.06,6.48,-49.25609782007223
1972,5,2.49,6.78,51.987470310985714
1973,5,1.94,8.88,-342.48777163907585
1974,5,2.94,5.87,288.5768772951326
1975,5,3.96,5.49,645.2934600391906
1976,5,2.01,5.29,62.19889652087102
1977,5,3.5,4.47,611.5721280832854
1978,5,2.47,5.51,181.31258538165878
1979,5,2.21,4.56,202.0252857787669
1980,5,2.89,5.25,339.2450866377583
1981,5,1.96,6.98,-133.52839858027335
1982,5,2.45,3.49,390.52893259932455
1983,5,1.8,6.71,-154.37756453717896
1984,5,4.96,6.98,796.4761006557653
1985,5,3.04,4.82,431.5333207896281
1986,5,2.3,2.0,504.2212939101601
1987,5,3.21,4.09,562.2180189782866
1988,5,2.89,6.95,157.90677403748066
1989,5,2.78,4.97,335.01898462765644
1990,5,3.61,3.5,749.1346893233833
1991,5,3.76,4.24,716.6228263127551
1992,5,2.47,6.26,101.28878825884931
1993,5,2.42,5.82,132.7744819115394
1994,5,2.72,4.64,351.6388040201807
1995,5,0.7,4.45,-254.35096752920896
1996,5,1.48,4.41,-8.23432913154727
1997,5,4.37,3.62,971.8928445194301
1998,5,4.64,7.42,650.2959202403183
1999,5,2.75,4.52,373.7328442965497
2000,5,3.58,6.83,384.5939844223026
2001,5,3.31,7.28,252.8993410262109
2002,5,6.08,6.5,1194.8056991030726
2003,5,4.12,4.35,816.5119522415263
2004,5,2.87,5.61,294.6835231818262
2005,5,2.04,4.96,106.68655165790489
2006,5,1.39,3.64,45.97255540472548
2007,5,3.2,5.49,409.79104354145625
2008,5,2.24,3.23,353.22689045875507
2009,5,1.58,6.78,-230.09933098059236
2010,5,2.35,4.3,273.18044413055867
2011,5,1.92,5.3,33.172923405127676
2012,5,4.69,5.42,879.0385376352644
2013,5,3.88,4.61,714.4054473065353
2014,5,2.99,5.88,303.0533355720811
2015,5,4.48,4.29,934.5484779551257
2016,5,3.08,6.31,285.06071010190374
2017,5,2.14,2.98,348.8469547891849
2018,5,4.52,5.19,850.9674449772322
2019,5,3.54,7.91,256.9998104462637
2020,5,1.96,3.5,237.63085170279123
2021,5,2.81,3.98,449.87406292441244
2022,5,2.12,5.77,45.1047389695633
2023,5,1.62,5.27,-56.623815129039315
1924,6,3.93,5.53,631.7554744825808
1925,6,4.91,5.73,914.2022951032247
1926,6,1.6,5.95,-135.3328904238091
1927,6,3.56,6.66,396.5326939473433
1928,6,2.35,5.61,133.39538773949664
1929,6,2.51,4.64,286.5413227085385
1930,6,2.41,6.01,109.35032374558398
1931,6,2.14,7.85,-170.63872704575022
1932,6,3.05,4.8,436.81155374327403
1933,6,2.17,3.54,298.435791882596
1934,6,3.27,6.66,306.6337615649287
1935,6,2.95,4.82,403.70143054504456
1936,6,2.76,2.0,647.3372149914761
1937,6,2.09,6.27,-17.549853391920124
1938,6,2.42,4.2,305.5855685538559
1939,6,3.76,4.86,650.4592450812991
1940,6,3.5,5.5,501.6893685705536
1941,6,2.02,5.29,65.3194507542238
1942,6,3.1,6.06,317.8988048829018
1943,6,3.75,4.35,701.8687349394165
1944,6,1.33,5.77,-199.82511079297456
1945,6,3.54,4.61,609.0290686996385
1946,6,2.34,6.11,76.9856576016665
1947,6,3.57,5.92,478.552311845801
1948,6,2.24,3.6,313.72179545502087
1949,6,1.2,6.63,-331.90864216839555
1950,6,1.37,4.2,-19.915789927691094
1951,6,3.05,6.21,286.4002714838024
1952,6,3.26,5.55,421.9243518832012
1953,6,2.1,7.76,-173.4250030189953
1954,6,3.64,4.66,634.6205844114924
1955,6,1.34,4.48,-59.12203266150766
1956,6,2.93,4.97,381.5333980724041
1957,6,1.79,4.55,72.92163583071817
1958,6,2.35,6.2,70.48221990255786
1959,6,3.05,2.58,673.6370927975299
1960,6,2.14,3.42,301.932690538624
1961,6,2.62,3.4,452.83247377349363
1962,6,4.01,6.43,560.5598521724086
1963,6,2.42,7.57,-53.87505242105078
1964,6,3.84,4.84,677.4014133060261
1965,6,1.87,4.75,76.39114868532397
1966,6,3.53,5.11,552.5975201480209
1967,6,4.44,6.74,660.7969031804973
1968,6,0.53,3.61,-217.44291365936712
1969,6,2.2,5.36,113.64735761794736
1970,6,3.58,6.46,424.01874497398103
1971,6,2.8,5.75,257.9586044401716
1972,6,3.37,5.28,484.8156425677257
1973,6,2.4,6.5,53.94968720717043
1974,6,3.09,2.0,754.8982208047213
1975,6,2.84,6.02,241.66447445077017
1976,6,4.17,4.02,867.2185774478725
1977,6,3.25,2.25,770.8505374015767
1978,6,3.34,5.77,423.26400062550215
1979,6,2.59,7.06,53.14464488714577
1980,6,2.51,4.79,270.4984229055518
1981,6,2.57,6.43,114.14567264977438
1982,6,3.39,7.42,262.82173884389647
1983,6,2.58,6.97,59.64101065595685
1984,6,3.29,7.46,227.4981032752503
1985,6,5.08,6.11,926.3327330757354
1986,6,3.87,5.11,657.956910645301
1987,6,2.67,2.6,553.7594227972932
1988,6,4.2,4.63,811.472764102939
1989,6,2.59,3.74,407.3517122229464
1990,6,0.96,8.26,-580.0906725267566
1991,6,1.99,4.74,114.67799501514929
1992,6,1.13,5.18,-198.9399672781035
1993,6,2.65,5.83,202.97001139918223
1994,6,3.02,5.07,398.74815932817097
1995,6,4.68,7.54,649.8138627184453
1996,6,3.33,4.07,601.4957673549861
1997,6,2.78,5.29,300.8629201595388
1998,6,3.83,3.89,775.7187616688153
1999,6,0.79,3.02,-73.91112797787179
2000,6,3.24,4.08,572.4738364901386
2001,6,3.77,4.94,645.0790199093537
2002,6,1.52,4.36,9.507159787374121
2003,6,4.14,3.96,864.3617502308077
2004,6,3.34,2.89,730.4481387116625
2005,6,2.58,4.88,282.67817658727887
2006,6,3.63,2.74,836.3750224013728
2007,6,5.27,6.14,982.1063689411477
2008,6,3.18,5.12,442.9942650212399
2009,6,3.25,2.81,711.0577208576527
2010,6,2.54,4.54,306.49848177509625
2011,6,2.15,3.87,257.02312036125795
2012,6,3.83,5.48,606.1116130612506
2013,6,2.14,7.01,-80.96534271932012
2014,6,3.07,2.19,721.4673870686514
2015,6,2.52,5.17,233.07316474087474
2016,6,3.48,4.76,574.3911262131303
2017,6,3.33,6.01,394.6232202883649
2018,6,4.04,5.32,688.2434331602021
2019,6,2.49,3.87,362.41952932884084
2020,6,2.73,4.52,367.4917900037325
2021,6,2.02,3.81,223.17262141021183
2022,6,2.56,6.61,91.79699601325296
2023,6,3.38,5.03,514.5598884437292
1924,7,3.76,7.85,331.55797930892334
1925,7,2.08,4.91,124.38495489636995
1926,7,3.87,3.94,782.7801268701612
1927,7,4.36,2.73,1063.6935225141779
1928,7,3.41,2.3,815.1657457947964
1929,7,4.88,2.62,1236.6093175556355
1930,7,2.23,5.4,118.59084149884939
1931,7,1.76,5.76,-65.53379726541345
1932,7,1.22,2.63,101.02470453127856
1933,7,4.5,6.34,722.0100599741307
1934,7,3.65,4.28,678.3742670803749
1935,7,2.94,5.22,357.9762231710399
1936,7,3.28,7.42,228.67747998064385
1937,7,1.87,6.35,-94.2232836316391
1938,7,5.45,4.6,1202.1428262752268
1939,7,3.13,3.66,583.2041340739052
1940,7,3.11,2.0,755.612101959342
1941,7,3.73,3.92,741.4491994314112
1942,7,3.48,4.68,582.9213947056442
1943,7,3.22,3.52,626.1106355143032
1944,7,2.21,4.8,176.4078251164699
1945,7,3.47,5.12,532.9461647417722
1946,7,4.88,4.66,1019.0688047828312
1947,7,4.35,4.02,922.9542262697845
1948,7,4.59,5.25,866.2453195467268
1949,7,2.49,5.66,171.4684367399941
1950,7,2.01,3.36,268.00794257184253
1951,7,2.87,7.12,133.63280700154075
1952,7,3.06,4.85,434.54313044572956
1953,7,4.09,5.03,734.7534189552609
1954,7,1.31,6.06,-237.00679052971378
1955,7,4.53,5.35,836.9633418819712
1956,7,2.84,6.43,197.88855467507767
1957,7,2.57,5.43,220.8599476485075
1958,7,1.99,4.08,185.00332999380277
1959,7,1.35,5.54,-169.16360197071873
1960,7,3.82,3.28,837.6689679128257
1961,7,3.07,5.16,404.64758261411885
1962,7,1.71,4.95,5.432690909034079
1963,7,1.7,4.69,30.13038085208916
1964,7,2.66,4.81,314.9275281214881
1965,7,4.67,2.18,1218.5087057078704
1966,7,2.74,4.18,406.89133556377374
1967,7,1.5,5.14,-79.95987854259226
1968,7,2.75,5.24,296.9440054391665
1969,7,2.73,3.46,480.54951571178293
1970,7,0.5,6.9,-579.6259448380627
1971,7,2.95,3.7,523.1187998169669
1972,7,2.77,6.45,173.99608269264593
1973,7,3.7,5.64,548.6901200294175
1974,7,4.85,4.03,1076.9518340478917
1975,7,4.13,7.66,466.51254136938246
1976,7,2.73,3.21,507.2474814120165
1977,7,1.89,6.38,-91.25680082351676
1978,7,5.57,6.5,1036.7277748520687
1979,7,3.06,3.99,526.2983864309113
1980,7,3.01,7.09,180.2146399184861
1981,7,2.98,4.62,434.2592142748895
1982,7,3.2,5.43,416.09391131487996
1983,7,2.86,5.39,314.9531774930483
1984,7,2.43,4.8,244.60646734590307
1985,7,2.45,6.22,99.4233278559982
1986,7,2.97,6.19,263.737580092318
1987,7,2.46,2.38,512.0510720210441
1988,7,2.29,6.96,-29.171860255553156
1989,7,3.11,2.51,699.6892221572757
1990,7,2.75,6.55,157.12476578237488
1991,7,4.5,6.69,684.7728785175511
1992,7,0.5,3.36,-201.6000337817781
1993,7,4.09,4.38,804.0232113987704
1994,7,4.25,3.34,964.5178986098358
1995,7,0.93,4.68,-207.58469202119414
1996,7,2.66,4.54,343.65346690105395
1997,7,2.63,6.17,160.48898601734868
1998,7,1.59,6.97,-247.1782044083743
1999,7,2.22,7.09,-64.73500498380815
2000,7,1.89,4.16,145.51592181112477
2001,7,4.75,4.69,975.6149231716813
2002,7,3.94,2.47,961.1911658536841
2003,7,4.27,3.79,922.7742516149033
2004,7,3.72,6.45,468.5682043094579
2005,7,1.87,7.42,-208.44634594765466
2006,7,2.48,3.15,436.0982860560015
2007,7,3.49,4.11,646.8183882038081
2008,7,1.78,4.96,26.04277948066982
2009,7,3.71,5.42,575.3283727135278
2010,7,2.76,3.79,454.69278121763506
2011,7,2.63,5.64,217.01118147986313
2012,7,3.71,4.29,695.8479931527442
2013,7,3.44,4.98,538.5871558236431
2014,7,2.64,5.82,200.92749586177217
2015,7,4.16,5.01,758.529075335533
2016,7,1.92,4.35,134.55322562926676
2017,7,3.62,4.84,609.2554541087009
2018,7,3.59,4.87,596.8146421717371
2019,7,2.69,4.44,363.60464590568137
2020,7,3.33,4.61,543.8492908490921
2021,7,1.75,7.4,-243.49760746890024
2022,7,3.92,5.84,595.6310757126565
2023,7,2.82,4.56,391.1057818158618
1924,8,2.48,6.05,126.80322574970228
1925,8,4.05,4.5,778.8282871559288
1926,8,2.3,6.76,-4.77468328129396
1927,8,1.59,5.55,-95.78103488561652
1928,8,1.44,4.84,-66.49327029519674
1929,8,3.61,5.67,517.5829302553536
1930,8,1.72,2.64,254.90446799572217
1931,8,4.75,3.31,1122.8156165089417
1932,8,0.92,3.21,-53.8800440148467
1933,8,4.7,5.21,904.5351327352633
1934,8,3.21,7.6,187.78502467717533
1935,8,2.9,8.35,11.719867419369734
1936,8,2.46,5.96,130.17029811750285
1937,8,3.4,5.75,443.98291639407614
1938,8,2.96,2.3,675.6342303172789
1939,8,4.1,4.19,827.4597568175053
1940,8,3.11,3.82,560.0201140057028
1941,8,3.15,4.07,545.7114935971299
1942,8,2.64,4.75,315.0453160637094
1943,8,2.94,4.29,457.15144953976056
1944,8,3.31,2.03,812.8710157926785
1945,8,1.29,6.12,-249.58078648774153
1946,8,1.65,3.39,153.24557603634094
1947,8,3.74,5.36,591.0401722991157
1948,8,3.17,8.11,120.96782768377966
1949,8,2.82,3.62,491.3540125523375
1950,8,3.02,2.0,731.4872145581173
1951,8,3.35,4.57,554.3358592724178
1952,8,2.46,6.65,56.592806846920666
1953,8,2.22,7.94,-155.366521796229
1954,8,3.2,3.16,658.253948495501
1955,8,2.02,5.75,16.249279991484514
1956,8,3.41,4.3,601.7356321249451
1957,8,1.3,4.84,-109.966352499337
1958,8,4.03,8.97,295.84812290308605
1959,8,3.47,2.75,785.7556781080818
1960,8,3.26,5.38,440.022900728193
1961,8,3.98,5.7,629.1499781218007
1962,8,4.67,6.63,743.7968811952322
1963,8,4.01,5.15,697.1638691154723
1964,8,1.16,5.46,-219.48924770835742
1965,8,1.72,4.41,66.1207160068609
1966,8,2.38,5.4,165.0605448105921
1967,8,3.03,4.49,463.6928332570823
1968,8,3.52,5.93,461.9608713061307
1969,8,2.27,4.45,232.4386652289017
1970,8,3.19,5.57,398.09666370574894
1971,8,2.24,4.96,168.73879881331663
1972,8,2.39,6.69,30.624319462358926
1973,8,1.59,4.92,-28.552673732597384
1974,8,2.08,2.34,398.49799222095976
1975,8,1.65,6.89,-220.13606106330326
1976,8,2.02,3.64,241.29859047885293
1977,8,4.05,4.02,830.0740813525667
1978,8,2.05,4.11,200.46262405211542
1979,8,5.63,7.06,995.5794397166657
1980,8,3.49,2.0,873.2899211485958
1981,8,3.18,9.71,-46.52912409965131
1982,8,2.14,6.58,-35.14414589247258
1983,8,3.7,5.33,581.7707096527984
1984,8,2.42,4.92,228.7925617437851
1985,8,3.12,5.43,391.3645573978771
1986,8,5.56,5.78,1110.3896210988944
1987,8,2.9,5.97,265.58724514325297
1988,8,4.15,5.83,667.9366886028223
1989,8,2.3,5.13,169.07242893618866
1990,8,2.97,4.7,422.62349929810375
1991,8,4.77,4.77,973.22073919289
1992,8,2.37,4.71,235.67941222564912
1993,8,4.81,6.7,779.7867846112985
1994,8,3.71,5.89,525.1419521317463
1995,8,2.44,2.0,555.7792185877001
1996,8,3.63,5.98,490.76506962525764
1997,8,3.97,5.29,669.7781825490795
1998,8,3.62,4.97,595.4051871866311
1999,8,1.43,4.42,-24.817062668015694
2000,8,2.27,6.69,-6.512498958108836
2001,8,2.75,6.42,171.04954902325642
2002,8,2.93,3.84,501.9844423872357
2003,8,3.62,5.61,527.1361981042616
2004,8,3.18,3.54,611.4935773547454
2005,8,1.66,2.93,205.44273806078826
2006,8,3.38,4.06,618.0691507559593
2007,8,3.61,6.29,451.48192272901076
2008,8,3.56,6.43,421.0666540255496
2009,8,4.08,5.77,652.6769530545733
2010,8,3.83,6.09,541.088263677009
2011,8,3.46,5.77,460.4300179211348
2012,8,2.93,4.04,480.713158837643
2013,8,1.34,5.65,-183.92883478189935
2014,8,3.43,6.2,405.2920869390491
2015,8,3.21,6.13,344.5339635734954
2016,8,3.27,6.78,293.8266546572073
2017,8,1.72,6.06,-109.85052423021375
2018,8,1.92,5.53,8.67495252050162
2019,8,4.05,6.61,553.8300261501647
2020,8,2.96,4.96,391.86966105392406
2021,8,3.68,3.68,751.6337534860033
2022,8,3.03,4.76,434.91385340074214
2023,8,3.03,3.88,528.7465878430219
1924,9,3.94,3.99,799.1346208095038
1925,9,2.48,4.78,262.2847394249814
1926,9,3.1,3.81,557.8854069794095
1927,9,2.54,4.54,306.45686240934
1928,9,2.57,2.16,569.5911843952147
1929,9,2.69,5.32,269.77534169158423
1930,9,3.22,5.0,468.20928296271495
1931,9,2.52,3.77,382.38340009404715
1932,9,4.26,5.99,684.9651045714112
1933,9,2.11,6.41,-26.32177439846066
1934,9,2.81,2.59,598.2068822020761
1935,9,2.56,3.86,385.2299372029204
1936,9,4.45,3.85,972.1612023414103
1937,9,3.2,3.59,612.3645787762043
1938,9,4.03,6.24,587.0236969753688
1939,9,1.51,4.71,-30.917342342641632
1940,9,3.27,4.6,526.3156510717988
1941,9,3.89,2.0,995.9349316003019
1942,9,3.08,5.95,323.468659590662
1943,9,4.07,3.14,930.0473876991881
1944,9,2.48,5.09,229.227789196333
1945,9,4.41,5.42,792.3197050222738
1946,9,5.3,7.04,895.382395277806
1947,9,2.64,3.04,497.4598183867945
1948,9,2.55,2.0,590.7400963442005
1949,9,4.45,5.28,819.69534932364
1950,9,4.58,7.7,601.7906096421985
1951,9,2.48,6.86,40.38193619907304
1952,9,2.58,5.31,236.70153767629517
1953,9,2.72,4.26,392.0985157677155
1954,9,1.66,6.21,-144.51573107671584
1955,9,2.08,3.54,270.54894253220266
1956,9,2.0,5.71,14.195014638917087
1957,9,2.23,5.76,80.2673227572925
1958,9,2.97,6.59,221.05105205114353
1959,9,3.23,9.14,29.745546936254414
1960,9,4.55,5.59,817.5808452563531
1961,9,2.0,4.24,171.1060958496871
1962,9,3.98,4.96,708.0989671066859
1963,9,2.79,2.35,617.5508706066361
1964,9,2.95,3.96,495.45249421436625
1965,9,3.67,4.39,672.8410193027971
1966,9,1.88,4.21,137.01366376372295
1967,9,3.38,5.23,493.30054874150335
1968,9,3.17,3.77,583.8887214059525
1969,9,3.49,6.68,372.71420596683674
1970,9,3.29,5.0,489.8896157898962
1971,9,5.46,4.99,1163.646004610495
1972,9,2.36,4.51,253.90154732261607
1973,9,2.47,5.23,211.13812361139207
1974,9,2.38,6.24,75.51761208907601
1975,9,2.44,3.7,365.11653096550646
1976,9,2.36,4.01,307.20729361768736
1977,9,4.19,4.54,817.9274255988423
1978,9,4.42,2.98,1055.6637517146307
1979,9,2.43,3.77,354.4851156597203
1980,9,2.17,4.29,218.43865300440433
1981,9,3.47,6.31,405.9702637567368
1982,9,2.45,5.39,187.85215626717104
1983,9,3.63,5.29,564.3934190638796
1984,9,3.2,6.28,325.5202505868333
1985,9,1.48,4.79,-48.78372326597838
1986,9,4.55,5.59,817.5704035140118
1987,9,4.8,4.85,973.9909942602801
1988,9,2.39,5.4,168.21848960115983
1989,9,2.61,4.13,371.95057097675596
1990,9,3.29,2.0,814.2468254900134
1991,9,3.33,4.8,523.6873595217334
1992,9,3.66,7.13,377.357961365729
1993,9,5.01,6.39,874.8398913652477
1994,9,2.82,6.45,189.5765528791477
1995,9,2.2,6.85,-45.34427966344674
1996,9,1.62,5.13,-41.67976818975961
1997,9,2.27,5.3,141.71754252652488
1998,9,2.97,4.07,489.84524922560564
1999,9,4.79,4.53,1005.1063071954485
2000,9,2.48,5.92,140.6661755119269
2001,9,3.22,6.81,275.19903514470093
2002,9,2.98,4.79,416.2302337960825
2003,9,4.19,4.32,841.3858253829951
2004,9,5.53,5.0,1184.26404467017
2005,9,2.47,5.9,139.67924478150576
2006,9,2.51,2.83,479.5441537361531
2007,9,4.04,2.0,1045.403418302063
2008,9,3.68,4.17,699.3242833911789
2009,9,4.85,3.17,1168.674197516502
2010,9,3.58,4.24,660.9206838297326
2011,9,2.64,4.78,311.8848822803041
2012,9,3.59,4.32,655.4390323971531
2013,9,4.11,7.18,511.56236046112167
2014,9,3.82,5.49,601.9373741659505
2015,9,3.51,5.45,510.0679967149647
2016,9,4.07,5.93,632.4446754554575
2017,9,4.17,3.29,945.0812870822645
2018,9,4.38,6.56,661.4304720361725
2019,9,3.65,4.89,613.2447417412511
2020,9,2.83,6.01,239.62401302441936
2021,9,3.15,3.39,618.1857091947348
2022,9,4.21,2.67,1023.6026773252443
2023,9,2.18,6.23,14.651746709877443
1924,10,3.37,5.56,454.9226378277539
1925,10,2.61,3.65,423.0871274203015
1926,10,3.03,3.7,547.9840790420951
1927,10,4.28,6.69,616.5301707819252
1928,10,3.19,3.22,648.8051096088723
1929,10,3.05,7.46,153.0376359490018
1930,10,1.64,3.65,122.40764593667944
1931,10,3.75,5.96,530.0786164041883
1932,10,3.65,4.51,653.7410265689005
1933,10,5.16,5.9,973.6006729222311
1934,10,2.69,4.18,391.3633576716119
1935,10,3.22,4.76,493.81943233736246
1936,10,3.25,5.06,471.0846450831504
1937,10,4.58,3.5,1049.7964073554494
1938,10,2.9,6.11,250.63880122192916
1939,10,3.28,4.23,568.9223509224191
1940,10,3.61,4.66,625.3649642505655
1941,10,3.19,3.51,617.8095849776487
1942,10,2.55,2.0,586.1590004424478
1943,10,3.19,4.71,489.85117755498476
1944,10,4.07,8.62,345.61016328246876
1945,10,1.97,6.18,-45.11119587309088
1946,10,3.13,4.97,443.5223005388127
1947,10,2.3,4.61,224.6277001426909
1948,10,4.2,5.03,768.725807361128
1949,10,1.48,5.82,-158.70306019958986
1950,10,2.44,3.23,415.2189096803726
1951,10,3.38,6.67,339.6289018039564
1952,10,4.57,6.07,772.501427137931
1953,10,2.93,6.08,263.1606401321907
1954,10,2.44,5.66,156.06324734497082
1955,10,4.88,5.03,979.6154041174659
1956,10,1.55,6.01,-157.20875136383063
1957,10,0.8,5.89,-376.9062009036146
1958,10,3.44,4.47,592.9405516099436
1959,10,2.5,4.14,336.7154754854429
1960,10,1.98,5.15,67.769108876073
1961,10,3.71,7.32,372.59336295804155
1962,10,3.24,3.14,672.8290778942512
1963,10,2.44,2.8,461.0344663501571
1964,10,1.72,5.25,-23.450652399074045
1965,10,3.87,5.08,661.2156962642413
1966,10,3.65,5.26,573.7685951358825
1967,10,2.9,5.37,329.56870938312113
1968,10,4.85,4.67,1008.6983925068247
1969,10,1.93,7.23,-169.5994820492823
1970,10,1.47,2.6,181.75378807551778
1971,10,2.31,3.76,318.36588954899
1972,10,2.95,4.85,400.5766874379355
1973,10,3.24,2.54,736.8652826047687
1974,10,2.76,4.74,353.34618346575735
1975,10,3.35,7.49,242.9058523078628
1976,10,1.75,5.03,9.27574087513591
1977,10,4.44,5.35,809.1306369835459
1978,10,2.92,3.11,576.7801358678001
1979,10,4.12,4.08,845.3365723962761
1980,10,3.34,4.44,565.1792172670164
1981,10,3.46,4.52,593.7446831591002
1982,10,3.57,6.92,371.8812348522845
1983,10,3.45,5.84,449.90017499292185
1984,10,3.64,3.33,776.5418071680458
1985,10,4.33,5.37,772.8264775170043
1986,10,3.2,5.75,381.98299421204695
1987,10,3.71,6.71,437.68854719067247
1988,10,2.91,7.37,119.29723619144397
1989,10,4.44,3.48,1008.5521140727737
1990,10,2.32,3.78,319.34465209151074
1991,10,4.8,3.11,1159.5851829182543
1992,10,2.96,4.65,424.9386190846263
1993,10,1.57,5.7,-117.97133476564386
1994,10,3.13,6.48,282.40769898321685
1995,10,2.32,4.89,200.94899366167647
1996,10,3.84,4.52,711.6049107224356
1997,10,2.35,5.23,173.9561802844887
1998,10,2.55,3.75,393.8895946841525
1999,10,1.11,8.13,-519.790794526403
2000,10,2.55,2.59,517.5535470786898
2001,10,0.58,5.28,-380.08619905524677
2002,10,1.42,8.04,-414.07509042715344
2003,10,3.76,5.01,634.536148115843
2004,10,3.79,4.71,675.7583919365234
2005,10,3.43,4.46,590.829029845954
2006,10,2.03,4.73,128.13415538633177
2007,10,2.95,7.06,164.79440169181498
2008,10,3.0,2.0,722.0825937223893
2009,10,1.84,7.3,-204.91798390488873
2010,10,4.5,2.86,1093.2735545421729
2011,10,3.88,4.6,715.4401461981008
2012,10,2.78,4.36,400.0828024646898
2013,10,3.03,5.88,315.38332569223803
2014,10,3.21,2.6,721.065071598313
2015,10,0.96,5.69,-306.03907534506226
2016,10,2.75,8.04,-1.714870058074439
2017,10,2.32,2.96,406.8118975659501
2018,10,2.0,5.28,60.086738224946885
2019,10,2.72,4.01,418.8088188491066
2020,10,4.8,5.64,889.7179932065649
2021,10,3.64,5.03,595.2169508385126
2022,10,2.43,4.04,325.7030791926151
2023,10,3.57,5.73,498.8471049648509
1924,11,4.4,7.71,544.9500732679926
1925,11,3.92,4.71,716.1553747464006
1926,11,3.06,6.08,303.3987242777199
1927,11,2.35,3.06,405.46336180165594
1928,11,3.7,3.57,769.546596904316
1929,11,3.39,5.71,445.2107910754138
1930,11,3.9,7.23,441.1107719149177
1931,11,3.64,5.53,541.795584528963
1932,11,4.05,4.53,775.6261074584248
1933,11,2.46,5.0,232.6547338301608
1934,11,4.32,3.12,1009.6780179960406
1935,11,3.2,5.91,364.9308427833704
1936,11,5.08,6.32,903.9292781030185
1937,11,2.31,4.32,258.62902514743513
1938,11,4.74,4.29,1015.0600595092476
1939,11,3.2,5.4,419.320325538106
1940,11,2.35,4.34,268.8530173242615
1941,11,2.52,4.9,261.82246780571495
1942,11,2.68,8.15,-35.2006909736084
1943,11,3.42,4.63,569.7119164714792
1944,11,3.52,4.46,618.8117564005672
1945,11,2.43,4.03,326.73841801696585
1946,11,2.98,6.12,274.31453436239076
1947,11,5.14,4.73,1092.2349453182997
1948,11,4.73,4.03,1039.7691620842215
1949,11,3.44,6.98,325.1501963740103
1950,11,3.04,7.13,185.1840047365456
1951,11,3.12,4.1,533.2045489245697
1952,11,3.61,2.2,887.8005792409103
1953,11,1.98,6.51,-77.30306255035327
1954,11,2.74,3.97,429.27253288336675
1955,11,1.33,6.19,-244.5920967304035
1956,11,3.4,2.04,839.6932694031711
1957,11,3.65,6.34,458.54598601403427
1958,11,2.52,3.18,445.2798546698141
1959,11,4.57,6.1,769.4322264422351
1960,11,1.77,5.02,16.599612691612265
1961,11,1.54,3.57,99.89564539186824
1962,11,3.22,4.39,533.3148813148678
1963,11,4.05,6.03,615.6077984565545
1964,11,4.68,5.16,903.7803323834264
1965,11,2.54,5.88,163.5670275665858
1966,11,4.08,7.96,419.02240248915814
1967,11,2.96,2.65,638.2573314221034
1968,11,2.83,7.43,88.10160125090556
1969,11,3.88,5.16,655.7930399996345
1970,11,3.65,3.65,745.5110692673655
1971,11,1.42,3.0,123.53921468754737
1972,11,4.48,4.72,888.6566074050296
1973,11,4.38,6.38,680.5844124222299
1974,11,2.37,4.81,225.01986418868006
1975,11,3.4,7.27,281.84648603190067
1976,11,3.49,2.82,784.4520587633431
1977,11,3.26,4.98,482.7276271366995
1978,11,2.45,3.12,430.020882905677
1979,11,2.33,5.55,133.64744749436989
1980,11,2.97,6.33,248.87558538911264
1981,11,4.17,4.37,829.9349081294042
1982,11,3.54,2.0,893.4781401122156
1983,11,2.63,5.3,253.30437521117392
1984,11,3.77,5.66,568.3496015891483
1985,11,0.5,5.61,-443.52837375591776
1986,11,4.15,6.85,559.1298350854995
1987,11,1.26,3.39,32.313399008709496
1988,11,2.64,6.02,179.57342953146417
1989,11,1.88,6.79,-138.12177407104116
1990,11,1.71,2.33,284.8390610828561
1991,11,4.16,5.48,708.4117496145955
1992,11,2.53,4.24,335.36478629695773
1993,11,3.35,4.88,521.2802655483235
1994,11,2.95,5.52,329.0540293758247
1995,11,3.48,4.27,626.6426939133668
1996,11,3.08,3.99,532.5252997022186
1997,11,1.72,5.05,-2.1714464167659457
1998,11,4.0,3.37,883.8351275830995
1999,11,2.51,3.37,421.9206854572386
2000,11,1.44,6.02,-192.35955181616248
2001,11,2.57,3.28,450.2067887419275
2002,11,4.5,6.0,758.344472897251
2003,11,3.85,5.69,589.8763044925954
2004,11,2.65,2.41,567.7715459438274
2005,11,2.65,3.98,400.2830694801723
2006,11,2.68,6.79,109.84255545735243
2007,11,5.08,3.53,1201.5791351470052
2008,11,3.38,4.3,592.4633971454093
2009,11,3.43,5.69,459.67980753939173
2010,11,4.03,6.18,593.4689294474924
2011,11,3.24,4.62,514.9032804507101
2012,11,2.74,4.1,415.38468048870953
2013,11,2.8,7.13,110.81280289216511
2014,11,2.93,7.61,99.89499076788354
2015,11,2.96,6.47,230.8391971270836
2016,11,3.73,5.13,612.4231140107195
2017,11,3.05,3.79,544.6021160744822
2018,11,3.73,3.75,759.6308448377213
2019,11,2.92,5.78,291.9676931462566
2020,11,3.08,5.63,357.6023696942741
2021,11,1.0,7.1,-443.9979927747853
2022,11,3.92,5.98,580.6587758216634
2023,11,3.35,2.75,748.495687776578
1924,12,4.0,6.58,541.4606249213674
1925,12,0.5,3.5,-218.98194750879276
1926,12,5.09,4.42,1109.7234597673307
1927,12,2.86,5.38,316.1021016559314
1928,12,4.11,7.99,425.1251532695354
1929,12,1.96,9.66,-419.49824483130885
1930,12,3.61,5.91,492.0605084592638
1931,12,1.95,4.73,103.29781055546727
1932,12,2.38,5.8,122.41725390823649
1933,12,4.91,6.33,850.2637592799296
1934,12,2.81,4.52,392.29985224793853
1935,12,3.22,7.69,181.22221517267417
1936,12,3.87,5.35,632.3999697149734
1937,12,3.5,5.75,474.97938798881216
1938,12,3.15,6.0,339.8449465308912
1939,12,3.36,5.63,444.43374391851773
1940,12,5.4,6.26,1009.6447508476867
1941,12,2.94,4.07,480.59634389513343
1942,12,3.2,4.16,551.59400800661
1943,12,4.05,3.35,901.5080862897931
1944,12,4.11,5.66,673.6602470233777
1945,12,4.19,6.17,644.0809380204828
1946,12,3.64,5.69,524.8095735587729
1947,12,1.86,7.51,-221.17497346078028
1948,12,4.63,4.99,906.3902755113014
1949,12,1.85,6.0,-63.15087048611201
1950,12,3.3,3.36,667.9433634137835
1951,12,2.25,4.42,229.3282385245504
1952,12,2.94,6.04,270.4032389584123
1953,12,3.33,6.27,366.7966029956033
1954,12,3.32,4.56,546.1532416311445
1955,12,3.42,4.89,541.9352000609337
1956,12,4.61,2.72,1142.3158501573946
1957,12,3.45,4.46,597.1056350232058
1958,12,2.76,6.34,182.65460201189546
1959,12,3.96,5.86,605.8888215218178
1960,12,4.19,5.75,688.8880476754346
1961,12,1.77,5.07,11.226184976820491
1962,12,3.6,5.01,584.903369112217
1963,12,3.7,4.01,722.6149388178435
1964,12,2.7,6.05,195.03608076437467
1965,12,4.38,5.63,760.5473386892223
1966,12,2.85,5.74,274.57925564974676
1967,12,3.13,4.21,524.5161129613913
1968,12,2.83,2.0,668.8027109558736
1969,12,3.02,6.65,230.1842633582777
1970,12,1.9,4.28,135.82562369113197
1971,12,1.56,3.71,91.22724881448823
1972,12,4.59,6.04,782.0102615131099
1973,12,2.15,4.41,199.45051291600805
1974,12,2.01,6.59,-76.51328733502942
1975,12,0.85,5.93,-365.7039606318041
1976,12,2.36,6.03,91.77468929110012
1977,12,1.68,2.95,209.4286591779304
1978,12,4.64,6.82,714.3007117474996
1979,12,4.01,5.39,671.4856655810878
1980,12,2.31,4.45,244.8112679406848
1981,12,5.25,5.22,1074.0904733800207
1982,12,3.98,2.34,987.5800071988991
1983,12,2.68,5.61,235.66515805010704
1984,12,0.5,3.46,-210.70034206691503
1985,12,5.29,2.97,1326.4361285843427
1986,12,1.61,2.72,212.327867194543
1987,12,1.35,6.67,-289.5808712194681
1988,12,4.02,4.06,816.5183382570241
1989,12,5.44,7.3,911.0602469642279
1990,12,4.38,4.2,913.2007428156282
1991,12,3.56,2.44,846.712670776453
1992,12,3.59,3.33,761.1127878161395
1993,12,3.85,6.85,466.1760393877337
1994,12,3.76,4.77,660.1482676772345
1995,12,3.28,4.18,574.2947872045997
1996,12,3.1,5.24,405.44182878099093
1997,12,2.94,5.75,301.35624135932926
1998,12,2.25,6.68,-11.713634047691357
1999,12,2.72,7.17,81.70825693240317
2000,12,1.31,4.46,-66.33188168406298
2001,12,2.9,3.01,581.277080592873
2002,12,2.01,4.38,159.24874053972343
2003,12,1.9,5.39,17.361301762013454
2004,12,3.18,3.55,610.4365307736409
2005,12,4.39,3.56,984.4915320123965
2006,12,3.92,5.52,629.7452872445242
2007,12,1.43,4.93,-79.21848252052729
2008,12,2.01,5.05,87.77574868018058
2009,12,3.94,3.86,812.9926652268828
2010,12,2.02,4.65,133.4791332066746
2011,12,2.78,3.61,479.99599994271273
2012,12,3.55,6.34,427.5985368789977
2013,12,2.03,6.55,-66.03593789587399
2014,12,3.11,2.23,729.5156336838405
2015,12,1.67,3.61,135.95485365274203
2016,12,2.4,2.76,452.9516161113887
2017,12,3.32,4.02,603.6980586854943
2018,12,1.41,4.87,-79.0955576374131
2019,12,3.44,2.83,767.9011995765893
2020,12,2.98,3.62,541.0222201419863
2021,12,3.55,3.49,731.5644732649864
2022,12,3.22,5.31,435.1664680466573
2023,12,4.36,5.1,810.947960929376
